{
    "saveData": [
        "{\"itemid\":1000,\"position\":{\"x\":20.74454116821289,\"y\":4.2449951171875,\"z\":61.128173828125},\"rotation\":{\"x\":0.0,\"y\":0.0,\"z\":0.0,\"w\":1.0},\"guid\":\"ab50789d-fe6e-4544-a82b-349237f252a5\",\"resourcesPath\":\"prefabs/buildings/Storage Building\",\"slots\":[{\"panel\":0,\"slot\":1,\"itemid\":1000,\"amount\":53},{\"panel\":0,\"slot\":2,\"itemid\":2010,\"amount\":100}]}"
    ],
    "saveDataTypes": [
        "FactoryFramework.SerializeManager+StorageSaveData"
    ],
    "powerGrids": [
        "ab50789d-fe6e-4544-a82b-349237f252a5:",
        "b2a3ddf3-390c-491f-add3-35f518274f1c:",
        "c07c313b-647a-4b32-980f-d3b8352b5a8d:",
        "3b616878-5f49-4b1c-9c73-10c02a73906a:",
        "538929e6-cd65-493c-8c30-f4a7607bf5bc:"
    ]
}